Skills,Degree,Career
Python,Bachelors,Data Scientist
Machine Learning,Bachelors,ML Engineer
Data Science,Masters,Data Scientist
Java,Bachelors,Software Developer
SQL,Bachelors,Data Analyst
Cloud Computing,Masters,Cloud Engineer
Python,PhD,Data Scientist
Java,Masters,Software Engineer
Data Science,Bachelors,Data Scientist
SQL,PhD,Data Analyst
Machine Learning,PhD,AI Researcher
R,Bachelors,Data Scientist
AI,Masters,AI Engineer
Web Development,Bachelors,Web Developer
Data Science,PhD,Data Scientist
C++,Bachelors,Software Engineer
DevOps,Masters,DevOps Engineer
Big Data,Masters,Data Engineer
Cybersecurity,Bachelors,Cybersecurity Analyst
Blockchain,PhD,Blockchain Developer
Machine Learning,Masters,AI Engineer
Data Science,Masters,Data Analyst
SQL,Masters,Data Scientist
Cloud Computing,Bachelors,Cloud Developer
Python,Masters,AI Researcher
Full Stack Development,Bachelors,Full Stack Developer
Artificial Intelligence,PhD,AI Researcher
JavaScript,Bachelors,Front End Developer
Data Engineering,Masters,Data Engineer
IoT,Bachelors,IoT Developer
Statistics,Masters,Data Analyst
Software Development,PhD,Software Architect
Business Intelligence,Masters,BI Analyst
Computer Vision,Masters,AI Researcher
